Term,veh0,veh1,veh2,veh3,veh4
Workers,,0.284104,1.48562,1.66363,1.82398
Non-Working Adults,,-0.349669,0.310618,0.348127,0.250387
Children,,,,-0.258923,-0.258923
Seniors,,0.260073,0.260073,,
Income,,1.44491,1.39214,1.12435,0.770425
Walk Accessibility,,,-0.672566,-1.06314,-1.55913
Transit Accessibility,,-0.28009,-0.386895,-0.536471,-0.540289
,,,,,
Adjusted Rho^2,0.32,,,,
