Term,veh0,veh1,veh2,veh3,veh4
Constant,,0.206,-5.135,-8.31,-11.99
Workers,,0.239132,2.84997,3.8542,4.82268
Non-Working Adults,,-0.572595,1.54249,2.29899,3.09109
Children,,,,-0.159472,-0.159472
Seniors,,0.17157,0.17157,,
Income,,1.68839,2.51752,2.71167,2.94602
Walk Accessibility,,,-0.396313,-0.600623,-1.0783
Transit Accessibility,,-0.373865,-0.422401,-0.536643,-0.518142
,,,,,
Adjusted Rho^2,,0.41,,,
