autos,hh,pct
0,39155,0.053466699
1,245236,0.334873178
2,277527,0.378966989
3,97839,0.133600519
4,72568,0.099092616
