autos,hh,pct
0,34282,0.046812549
1,201688,0.275407777
2,270295,0.369091592
3,132442,0.180851398
4,93618,0.127836685
