Percent Bicycle,Percent Walk,Percent Transit,Percent Auto,Total
2.518608305035447,42.66527445383336,13.81754773927976,40.99856950185143,100
