Trip_Purpose,Pct_Bicycle,Pct_Walk,Pct_Car,Pct_Bus,Pct_AllModes
UC1,4.0923893843646795,85.75949647372347,4.961980915109079,5.186133226802767,100
UCC,3.532989690264092,3.532989690264092,14.670103097359078,78.26391752211273,100
UCO,1.4986636783354308,25.427424191188685,63.10432204694351,9.969590083532381,100
UHC,4.0923893843646795,85.75949647372347,4.961980915109079,5.186133226802767,100
UHO,1.4986636783354308,25.427424191188685,63.10432204694351,9.969590083532381,100
