mode,rate
Car,0.22791974627747547
No_Car,0.09351737121395155
