segment,Trip_Purpose,Production Rate,Sample Size
On_campus Students,UHC,1.1949620143546855,150
On_campus Students,UHO,0.2563899075614835,150
Off_campus Students,UHC,1.7136536982014996,186
Off_campus Students,UHO,1.2404173715489883,186
All_Students,UC1,11.170313723749475,336
All_Students,UCC,1.2995955282320943,336
All_Students,UCO,3.9983970507064996,336
