trip_type,tod,pa_fac
UHC,AM,0.996073972
UHC,MD,0.622790626
UHC,PM,0.066467517
UHC,NT,0.637629256
UHO,AM,0.996073972
UHO,MD,0.622790626
UHO,PM,0.066467517
UHO,NT,0.637629256
UCO,AM,0.996073972
UCO,MD,0.622790626
UCO,PM,0.066467517
UCO,NT,0.637629256
UCC,AM,0.996073972
UCC,MD,0.622790626
UCC,PM,0.066467517
UCC,NT,0.637629256