period,pa_factor
AM,0.996073972
MD,0.622790626
PM,0.066467517
NT,0.637629256
