trip_type,moto_total,moto_share,nm_total,nm_share
N_HB_K12_All,664374.6415,97.33,18221.478067,2.67
N_HB_OD_Long,1032431.297444,93.29,74224.938629,6.71
N_HB_OD_Short,652348.746235,74.41,224309.8002,25.59
N_HB_OMED_All,128893.195185,99.5,648.736341,0.5
N_HB_OME_All,1203822.110091,95.27,59749.282436,4.73
W_HB_EK12_All,77758.942105,100,0,0
W_HB_O_All,354885.815519,97.62,8655.438123,2.38
W_HB_W_All,680968.339307,97.18,19784.416593,2.82
