autos,weight,pct
0,35059.99996,0.05059324004796845
1,217978.63647,0.3145534938059812
2,288793.6019,0.4167428420397562
3,106067.18372,0.1530599684335519
4,45078.53166,0.06505045567274227
