term,estimated_as,estimate,std.error,statistic,p.value
N_HB_K12_All_hov2,N_HB_K12_All_hov,0.04895680044945684,0.002376077000580958,20.604046265119674,0
N_HB_K12_All_hov3,N_HB_K12_All_hov,0.04895680044945684,0.002376077000580958,20.604046265119674,0
N_HB_OD_Long_hov2,N_HB_OD_Long_hov2,0.009913005061771465,0.002894783289105871,3.4244377114783453,6.2e-4
N_HB_OD_Long_hov3,N_HB_OD_Long_hov3,0.008326388260751721,0.0029913522492373314,2.7834863857556726,0.00539
N_HB_OD_Short_hov2,N_HB_OD_Short_hov2,0.02815693880662795,0.0037023551171261005,7.605142649980148,0
N_HB_OD_Short_hov3,N_HB_OD_Short_hov3,0.029394257117355056,0.003781315043820895,7.773554114563573,0
alpha,NA,0.1463160441221126,0.20730208620659285,-12.702383977016686,0
gamma,NA,0.9212433110830959,0.09824188092533905,9.37729716090446,0
r_sq,NA,0.1416055470445078,NA,NA,NA
