term,estimated_as,estimate,std.error,statistic,p.value
N_HB_OD_Short_sov,N_HB_OD_Short_sov,-0,2.801135491607538e-4,-0,1
N_HB_OD_Long_auto_pay,N_HB_OD_Long_auto_pay,0.2115802365443816,0.0026988716947832776,78.39581146200865,0
N_HB_OD_Short_auto_pay,N_HB_OD_Short_auto_pay,-0.0012606260144782222,0.0052601571250426625,-0.23965558147999197,0.8106
r_sq,NA,0.013958925645158325,NA,NA,NA
