type,factor
N_auto_pay,1.0381135523776612
N_hov2,1.9590801676975615
N_hov3,2.5014746763159437
N_sov,2.0880465674795854
N_t,2.8567368296441105
N_walkbike,1.3038077157863293
W_auto_pay,1.1215259872933738
W_hov2,1.3563916409810657
W_hov3,0.8733616184014008
W_sov,2.0225962147875207
W_t,1.0249338108308748
W_walkbike,2.1781727281425187
