type,factor
N_auto_pay,1.046067232852263
N_hov2,1.9296309461965035
N_hov3,2.470058599891642
N_sov,2.0412721504128135
N_t,2.8122647129846183
N_walkbike,1.6640928139816253
W_auto_pay,1.1278501598936987
W_hov2,1.3663366466044968
W_hov3,0.8664065324740964
W_sov,2.0108327605148215
W_t,1.1161271517958944
W_walkbike,2.4240037385964524
