term,estimated_as,estimate,std.error,statistic,p.value
W_HB_EK12_All_hov2,W_HB_EK12_All_hov,0.73013,0.008746431,83.47731602,0
W_HB_EK12_All_hov3,W_HB_EK12_All_hov,0.73013,0.008746431,83.47731602,0
W_HB_O_All_hov2,W_HB_O_All_hov,0.0581,0.008610056,6.747768552,0
W_HB_O_All_hov3,W_HB_O_All_hov,0.0581,0.008610056,6.747768552,0
W_HB_O_All_sov,W_HB_O_All_sov,0.01009,0.005609418,1.79884043,0.07211
W_HB_W_All_hov2,W_HB_W_All_auto,0.00807,0.003386751,2.382091015,0.01726
W_HB_W_All_hov3,W_HB_W_All_auto,0.00807,0.003386751,2.382091015,0.01726
W_HB_W_All_sov,W_HB_W_All_auto,0.00807,0.003386751,2.382091015,0.01726
r_sq,NA,0.06991,NA,NA,NA
