term,estimated_as,estimate,std.error,statistic,p.value
W_HB_EK12_All_hov2,W_HB_EK12_All_auto,0.3186792331981933,0.03164565227776166,10.07023746583156,0
W_HB_EK12_All_hov3,W_HB_EK12_All_auto,0.3186792331981933,0.03164565227776166,10.07023746583156,0
W_HB_EK12_All_sov,W_HB_EK12_All_auto,0.3186792331981933,0.03164565227776166,10.07023746583156,0
W_HB_O_All_sov,W_HB_O_All_sov,1.0508406051350743,0.020692423350451163,50.78383461124008,0
W_HB_W_All_hov2,W_HB_W_All_auto,0.14414362902288977,0.012459402518183617,11.569064312074543,0
W_HB_W_All_hov3,W_HB_W_All_auto,0.14414362902288977,0.012459402518183617,11.569064312074543,0
W_HB_W_All_sov,W_HB_W_All_auto,0.14414362902288977,0.012459402518183617,11.569064312074543,0
r_sq,NA,0.50393695411009,NA,NA,NA
