term,estimated_as,estimate,std.error,statistic,p.value
W_HB_O_All_hov2,W_HB_O_All_hov,0.19645563588979933,0.013778187415108544,14.25845286981471,0
W_HB_O_All_hov3,W_HB_O_All_hov,0.19645563588979933,0.013778187415108544,14.25845286981471,0
W_HB_W_All_hov2,W_HB_W_All_hov,0.16297919313570616,0.01962029893588476,8.3066620783042,0
W_HB_W_All_hov3,W_HB_W_All_hov,0.16297919313570616,0.01962029893588476,8.3066620783042,0
W_HB_O_All_sov,W_HB_O_All_sov,0.09581683595292709,0.008677363908334422,11.04215945823098,0
W_HB_EK12_All_hov2,W_HB_EK12_All_hov,0.029724621003283956,0.013972219124407277,2.1274087343333816,0.03344
W_HB_EK12_All_hov3,W_HB_EK12_All_hov,0.029724621003283956,0.013972219124407277,2.1274087343333816,0.03344
r_sq,NA,0.41837523987180875,NA,NA,NA
