term,estimated_as,estimate,std.error,statistic,p.value
W_HB_O_All_sov,W_HB_O_All_auto,0.2250484675728344,0.01271871273475215,17.69428025195664,0
W_HB_O_All_walkbike,W_HB_O_All_walkbike,0.8537682752766477,0.04583092966753989,18.628648414289874,0
W_HB_W_All_sov,W_HB_W_All_sov,0.033354768970452045,0.007980168439049468,4.179707386530427,3e-5
r_sq,NA,0.3887207774091017,NA,NA,NA
