term,estimated_as,estimate,std.error,statistic,p.value
W_HB_EK12_All_walkbike,W_HB_EK12_All_walkbike,0.7263052429281518,0.12840701714688352,5.656273769659632,0
W_HB_O_All_sov,W_HB_O_All_sov,0.02159769652178917,0.004356968804272819,4.957046399003043,0
W_HB_W_All_sov,W_HB_W_All_sov,0.004541536412809017,0.0027333021009596525,1.6615566977446437,0.09668
W_HB_W_All_walkbike,W_HB_W_All_walkbike,0.01270132568557699,0.016234557070497715,0.7823635489666979,0.43404
r_sq,NA,0.3562881279482213,NA,NA,NA
