term,estimated_as,estimate,std.error,statistic,p.value
W_HB_EK12_All_hov2,W_HB_EK12_All_auto,0.09625325345399562,0.015170375342798746,6.344816873610596,0
W_HB_EK12_All_hov3,W_HB_EK12_All_auto,0.09625325345399562,0.015170375342798746,6.344816873610596,0
W_HB_O_All_hov2,W_HB_O_All_auto,0.07722412120687236,0.008083980843442376,9.552734315237226,0
W_HB_O_All_hov3,W_HB_O_All_auto,0.07722412120687236,0.008083980843442376,9.552734315237226,0
W_HB_O_All_sov,W_HB_O_All_auto,0.07722412120687236,0.008083980843442376,9.552734315237226,0
W_HB_W_All_hov2,W_HB_W_All_auto,0.01850925403943395,0.005888550007437046,3.143261756469312,0.00168
W_HB_W_All_hov3,W_HB_W_All_auto,0.01850925403943395,0.005888550007437046,3.143261756469312,0.00168
W_HB_W_All_sov,W_HB_W_All_auto,0.01850925403943395,0.005888550007437046,3.143261756469312,0.00168
r_sq,NA,0.5170853310349969,NA,NA,NA
