term,estimated_as,estimate,std.error,statistic,p.value
W_HB_O_All_auto_pay,W_HB_O_All_auto_pay,0.428076713397217,0.054380608991579114,7.871863175778429,0
W_HB_O_All_sov,W_HB_O_All_sov,0.003061913551999681,9.496416301353137e-4,3.224283197824206,0.00127
r_sq,NA,0.1379612466791361,NA,NA,NA
