term,estimated_as,estimate,std.error,statistic,p.value
W_HB_O_All_hov2,W_HB_O_All_auto,0.02245557560400089,0.0033694139519786165,6.664534522632439,0
W_HB_O_All_hov3,W_HB_O_All_auto,0.02245557560400089,0.0033694139519786165,6.664534522632439,0
W_HB_O_All_sov,W_HB_O_All_auto,0.02245557560400089,0.0033694139519786165,6.664534522632439,0
W_HB_EK12_All_hov2,W_HB_EK12_All_hov,0.09519935243890415,0.006542601360180243,14.550688204589235,0
W_HB_EK12_All_hov3,W_HB_EK12_All_hov,0.09519935243890415,0.006542601360180243,14.550688204589235,0
r_sq,NA,0.22154841477804604,NA,NA,NA
