term,estimated_as,estimate,std.error,statistic,p.value
W_HB_O_All_hov2,W_HB_O_All_hov,0.37875940025512256,0.01874183227886747,20.209304758435827,0
W_HB_O_All_hov3,W_HB_O_All_hov,0.37875940025512256,0.01874183227886747,20.209304758435827,0
W_HB_O_All_sov,W_HB_O_All_sov,0.1540719081635906,0.011937383274448658,12.9066734829042,0
W_HB_O_All_walkbike,W_HB_O_All_walkbike,0.12706329587687312,0.04446927525052901,2.857327787804717,0.00429
W_HB_W_All_hov2,W_HB_W_All_hov2,0.30656820891890785,0.03186233412019963,9.621649429774642,0
r_sq,NA,0.3797060256608043,NA,NA,NA
