term,estimated_as,estimate,std.error,statistic,p.value
W_HB_O_All_auto_pay,W_HB_O_All_auto_pay,1.3727532948170325,0.0651184343895161,21.0808706887161,0
W_HB_O_All_sov,W_HB_O_All_sov,0.003322122613580686,0.0011371549037837252,2.9214336609082756,0.0035
r_sq,NA,0.02684892980175209,NA,NA,NA
