term,estimated_as,estimate,std.error,statistic,p.value
W_HB_EK12_All_walkbike,W_HB_EK12_All_walkbike,-0.05277725964324478,0.40479917648133773,-0.13037887107875068,0.89627
W_HB_O_All_hov2,W_HB_O_All_hov,0.2416492072933817,0.020876268583661112,11.57530649335051,0
W_HB_O_All_hov3,W_HB_O_All_hov,0.2416492072933817,0.020876268583661112,11.57530649335051,0
W_HB_O_All_sov,W_HB_O_All_sov,0.4028286480023208,0.013741410555224978,29.31494160540534,0
W_HB_O_All_walkbike,W_HB_O_All_walkbike,0.3169755136590718,0.04974435072703009,6.3720906801751385,0
W_HB_W_All_sov,W_HB_W_All_sov,0.0010232458265291037,0.008632345868148195,0.11853624057218293,0.90565
W_HB_W_All_lb,W_HB_W_All_lb,-0.013527148237105591,0.053306036445466554,-0.2537639100394232,0.79969
W_HB_W_All_walkbike,W_HB_W_All_walkbike,-0.030005605031246156,0.0513820180439127,-0.5839709332864742,0.55927
r_sq,NA,0.44298998406587187,NA,NA,NA
