term,estimated_as,estimate,std.error,statistic,p.value
W_HB_O_All_hov2,W_HB_O_All_auto,0.034967785965200546,0.004349618557875219,8.039276433076985,0
W_HB_O_All_hov3,W_HB_O_All_auto,0.034967785965200546,0.004349618557875219,8.039276433076985,0
W_HB_O_All_sov,W_HB_O_All_auto,0.034967785965200546,0.004349618557875219,8.039276433076985,0
W_HB_EK12_All_hov2,W_HB_EK12_All_hov,0.24635336901121166,0.008445839238944855,29.168607410290793,0
W_HB_EK12_All_hov3,W_HB_EK12_All_hov,0.24635336901121166,0.008445839238944855,29.168607410290793,0
W_HB_O_All_walkbike,W_HB_O_All_walkbike,0.0578241910677958,0.019619239833647283,2.947320668797089,0.00322
r_sq,NA,0.1526260952129465,NA,NA,NA
