term,estimated_as,estimate,std.error,statistic,p.value
W_HB_O_All_hov2,W_HB_O_All_hov2,0.07852291491193682,0.015321304720117243,5.125080164278329,0
W_HB_O_All_hov3,W_HB_O_All_hov3,0.5669824139362978,0.01702848362386899,33.29611881245568,0
W_HB_W_All_hov3,W_HB_W_All_hov3,0.3084953983051111,0.030225735861820216,10.20638173096684,0
r_sq,NA,0.10063002574525819,NA,NA,NA
