tod,pa_fac
AM,0.8763495981732503
MD,0.495015101410498
PM,0.317677627687498
NT,0.4206293435295615
