tour_type,sov,hov2,hov3
NonWork,0.5298596634314611,0.22708872531259136,0.2430516112559475
Work,0.5103610117282877,0.14799950557126387,0.3416394827004483
