trip_type,sov,hov2,hov3
N_HB_K12_All,0.03469048969209841,0.3337993911742249,0.6315101191336767
N_HB_OD_Long,0.14183988303777975,0.45601504224019,0.40214507472203026
N_HB_OD_Short,0.21208884369933548,0.23677973035199756,0.5511314259486669
N_HB_OMED_All,0.06538871319233625,0.7601422042339119,0.17446908257375196
N_HB_OME_All,0.12495200718921914,0.5968209005752098,0.2782270922355712
W_HB_EK12_All,0,1,0
W_HB_O_All,0.5276819843829963,0.2791853971390368,0.19313261847796698
W_HB_W_All,0.48162425570486145,0.27614053236482056,0.24223521193031794
