Urban,LocalFac
1,0.116758841
0,0.070436766
