period,pa_factor
AM,0.631284916
MD,0.504685408
PM,0.442857143
NT,0.490331492
