trip_type,tod,pa_fac
AUTO,AM,0.996073972
AUTO,MD,0.622790626
AUTO,PM,0.066467517
AUTO,NT,0.637629256
CVSUT,AM,0.996073972
CVSUT,MD,0.622790626
CVSUT,PM,0.066467517
CVSUT,NT,0.637629256
CVMUT,AM,0.996073972
CVMUT,MD,0.622790626
CVMUT,PM,0.066467517
CVMUT,NT,0.637629256
