trip_type,tod,pa_fac
AUTO,AM,0.84258
AUTO,MD,0.562055473
AUTO,PM,0.498330567
AUTO,NT,0.369923881
CVSUT,AM,0.84258
CVSUT,MD,0.562055473
CVSUT,PM,0.498330567
CVSUT,NT,0.369923881
CVMUT,AM,0.84258
CVMUT,MD,0.562055473
CVMUT,PM,0.498330567
CVMUT,NT,0.369923881
