trip_type,estimated_as,estimate,std.error,statistic,p.value
N_HB_OD_Long_hov,N_HB_OD_All_hov,0.022492259203283873,0.0037798723546419396,5.950534063845265,0
N_HB_OD_Short_hov,N_HB_OD_All_hov,0.022492259203283873,0.0037798723546419396,5.950534063845265,0
N_HB_OD_Long_sov,N_HB_OD_All_sov,0.10758652176723535,0.0042093609540349705,25.55887293630784,0
N_HB_OD_Short_sov,N_HB_OD_All_sov,0.10758652176723535,0.0042093609540349705,25.55887293630784,0
N_HB_OME_All_sov,N_HB_OME_All_sov,0.029663398065465956,0.004460589624359619,6.650106950765407,0
N_HB_OMED_All_sov,N_HB_OME_All_sov,0.029663398065465956,0.004460589624359619,6.650106950765407,0
N_HB_OME_All_hov,N_HB_OME_All_hov,0.0022607220400910613,0.0034582303753662373,0.6537222205306793,0.5133
N_HB_OMED_All_hov,N_HB_OME_All_hov,0.0022607220400910613,0.0034582303753662373,0.6537222205306793,0.5133
