trip_type,estimated_as,estimate,std.error,statistic,p.value
N_HB_OD_Short_sov,N_HB_OD_Short_sov,0.012327730648560676,0.0016579510970083013,7.435521271288107,0
N_HB_OD_Long_auto_pay,N_HB_OD_Long_auto_pay,0.44460685584814785,0.015415931888330067,28.840738209586757,0
N_HB_OD_Short_auto_pay,N_HB_OD_Short_auto_pay,0.03823312698228463,0.03133696783829641,1.2200646590816782,0.22246
