trip_type,estimated_as,estimate,std.error,statistic,p.value
N_HB_K12_All_hov,N_HB_K12_All_hov,0.03752722573596717,0.013371372199968055,2.80653512405083,0.00502
N_HB_K12_All_sov,N_HB_K12_All_sov,0.05865240535939088,0.021634073269361002,2.7111124488265763,0.00671
N_HB_OD_Long_hov,N_HB_OD_All_hov,0.04146981383116402,0.008710476244657324,4.760912338932103,0
N_HB_OD_Short_hov,N_HB_OD_All_hov,0.04146981383116402,0.008710476244657324,4.760912338932103,0
N_HB_OD_Long_sov,N_HB_OD_Long_sov,0.09648108356497917,0.01174363752626964,8.215604692256397,0
N_HB_OD_Short_sov,N_HB_OD_Short_sov,0.0929880981262314,0.017329857718186317,5.365773893726072,0
N_HB_OME_All_sov,N_HB_OME_All_sov,0.6338303480660237,0.010894653239108697,58.17811123999372,0
N_HB_OMED_All_sov,N_HB_OMED_All_sov,0.32297817066058626,0.03552000803549643,9.092851846706298,0
