trip_type,estimated_as,estimate,std.error,statistic,p.value
N_HB_OD_Long_t,N_HB_OD_Long_t,0.07620835967957441,0.01433598736877167,5.315877987279789,0
N_HB_OD_Short_t,N_HB_OD_Short_t,0.9429020604865948,0.018231591940333094,51.7180322800362,0
N_HB_OMED_All_t,N_HB_OMED_All_t,0.3572773117711579,0.02696455205411343,13.249888633571995,0
N_HB_K12_All_walk,N_HB_K12_All_walk,0.03729143497725348,0.010630682559823534,3.5079059850953263,4.5e-4
N_HB_OME_All_t,N_HB_OME_All_t,0.04911792147448753,0.014261444067989766,3.444105746958273,5.7e-4
N_HB_OD_Short_walk,N_HB_OD_Short_walk,0.0059315667429366906,0.002069189672827255,2.866613351511678,0.00416
N_HB_OD_Short_sov,N_HB_OD_Short_sov,0.008324334651318564,0.002788922401484647,2.984785323136711,0.00284
