trip_type,estimated_as,estimate,std.error,statistic,p.value
N_HB_OD_Long_sov,N_HB_OD_All_sov,0.07921605951123402,0.011001722607005772,7.200332378930381,0
N_HB_OD_Short_sov,N_HB_OD_All_sov,0.07921605951123402,0.011001722607005772,7.200332378930381,0
N_HB_OD_Long_hov,N_HB_OD_Long_hov,0.16765552085344854,0.012393219149451705,13.52800421195375,0
N_HB_OD_Short_hov,N_HB_OD_Short_hov,0.4040205760677376,0.017026173539444446,23.72938200892557,0
N_HB_OME_All_hov,N_HB_OME_All_hov,0.5242718724956614,0.009491285442238363,55.23718317042002,0
N_HB_OME_All_sov,N_HB_OME_All_sov,0.03455928017232176,0.01232608954847837,2.8037505355125405,0.00506
N_HB_OMED_All_auto_pay,N_HB_OMED_All_auto_pay,0.7625275127228539,0.20141593957787793,3.785834995586439,1.5e-4
N_HB_OMED_All_hov,N_HB_OMED_All_hov,0.2709500451291712,0.03214258773153938,8.429627614061266,0
