trip_type,estimated_as,estimate,std.error,statistic,p.value
N_HB_OD_Long_t,N_HB_OD_Long_t,0.04547444993637323,0.007504826495365006,6.059360594739709,0
N_HB_OD_Short_t,N_HB_OD_Short_t,0.2790036799529243,0.009159079009458773,30.461979819673065,0
N_HB_OME_All_t,N_HB_OME_All_t,0.31208910162594217,0.007462297303787053,41.822121113770095,0
N_HB_OME_All_walk,N_HB_OME_All_walk,0.010121861934401887,0.002411737534545309,4.196916865711172,3e-5
