trip_type,estimated_as,estimate,std.error,statistic,p.value
N_HB_OD_Long_hov,N_HB_OD_Long_auto,0.05813316044769728,0.00565290185301211,10.283773176907614,0
N_HB_OD_Long_sov,N_HB_OD_Long_auto,0.05813316044769728,0.00565290185301211,10.283773176907614,0
N_HB_OD_Short_hov,N_HB_OD_Short_hov,0.32221431075011114,0.010885036049119834,29.601584165278485,0
N_HB_OME_All_hov,N_HB_OME_All_hov,0.02962043308552312,0.005980523232000688,4.952816323332645,0
N_HB_OD_Short_sov,N_HB_OD_Short_sov,0.15705228833103094,0.012536739867079255,12.52736277502583,0
N_HB_K12_All_hov,N_HB_K12_All_auto,0.06533150842787427,0.007334132317174743,8.907871524881529,0
N_HB_K12_All_sov,N_HB_K12_All_auto,0.06533150842787427,0.007334132317174743,8.907871524881529,0
N_HB_OMED_All_hov,N_HB_OMED_All_hov,0.08222401087705708,0.020265440109782262,4.0573513544059185,5e-5
N_HB_OME_All_sov,N_HB_OME_All_sov,0.014234766862255577,0.007763805435932947,1.8334780514170677,0.06675
