trip_type,estimated_as,estimate,std.error,statistic,p.value
N_HB_OD_Long_hov,N_HB_OD_All_hov,0.04275854896111746,0.00870913864868749,4.909618584102043,0
N_HB_OD_Short_hov,N_HB_OD_All_hov,0.04275854896111746,0.00870913864868749,4.909618584102043,0
N_HB_OD_Long_sov,N_HB_OD_Long_sov,0.09682907263273757,0.01175119306557112,8.239935476545725,0
N_HB_OD_Short_sov,N_HB_OD_Short_sov,0.09301201258323816,0.01734131270665988,5.363608520104545,0
N_HB_OME_All_sov,N_HB_OME_All_sov,0.6344720277974775,0.010899752739507855,58.20976337359788,0
N_HB_OMED_All_sov,N_HB_OMED_All_sov,0.3236156810008586,0.035543350284799095,9.104816467997955,0
