trip_type,estimated_as,estimate,std.error,statistic,p.value
N_HB_K12_All_hov,N_HB_K12_All_hov,0.03513912671968735,0.001990695329994381,17.651684911415618,0
N_HB_K12_All_sov,N_HB_K12_All_sov,0.01768370140995779,0.003223859287062378,5.48525845433887,0
N_HB_OD_Long_sov,N_HB_OD_All_sov,0.0029741155903319767,0.0014331614919907202,2.0752131612194016,0.03799
N_HB_OD_Short_sov,N_HB_OD_All_sov,0.0029741155903319767,0.0014331614919907202,2.0752131612194016,0.03799
