trip_type,estimated_as,estimate,std.error,statistic,p.value
N_HB_K12_All_t,N_HB_K12_All_t,0.30935764999491727,0.012363810052281907,25.02122312513376,0
N_HB_OD_Long_t,N_HB_OD_Long_t,0.04587072520425764,0.007269115022715261,6.3103589722980296,0
N_HB_OD_Short_t,N_HB_OD_Short_t,0.26767750548545854,0.008882922210717748,30.133946817916573,0
N_HB_OME_All_other,N_HB_OME_All_other,0.25212431325956014,0.017104385581160775,14.740331481842677,0
N_HB_OME_All_t,N_HB_OME_All_t,0.30072813031582446,0.007242186190221965,41.52449583826669,0
N_HB_OME_All_walk,N_HB_OME_All_walk,0.009192692160848616,0.0023368656086622617,3.933770143551803,8e-5
