trip_type,estimated_as,estimate,std.error,statistic,p.value
N_HB_K12_All_hov,N_HB_K12_All_auto,0.0072287412300348665,8.922670939004209e-4,8.101544122215058,0
N_HB_K12_All_sov,N_HB_K12_All_auto,0.0072287412300348665,8.922670939004209e-4,8.101544122215058,0
N_HB_K12_All_school_bus,N_HB_K12_All_school_bus,0.006064343204628173,0.0016936572778247332,3.5806200487131474,3.4e-4
N_HB_K12_All_walk,N_HB_K12_All_walk,0.016138605033617186,0.005676562493882045,2.8430242864428394,0.00448
N_HB_OD_Short_hov,N_HB_OD_Short_hov,0.003386062244735359,0.0012919373719999991,2.620918256659396,0.00878
N_HB_OMED_All_hov,N_HB_OMED_All_hov,0.004899714009958745,0.0024579074899866845,1.993449318137392,0.04623
N_HB_K12_All_bike,N_HB_K12_All_bike,0.0275516916297784,0.014787991308361196,1.8631125117175684,0.06247
N_HB_OD_Short_walk,N_HB_OD_Short_walk,0.001732389508060627,0.001104700117064011,1.5681988996840535,0.11686
