trip_type,estimated_as,estimate,std.error,statistic,p.value
N_HB_OD_Short_sov,N_HB_OD_Short_sov,0.012849797078261987,0.0016923473580654667,7.592883941362176,0
N_HB_OD_Long_auto_pay,N_HB_OD_Long_auto_pay,0.44460685584814785,0.015415111315032782,28.842273452451053,0
N_HB_OD_Short_hov,N_HB_OD_Short_hov,-0.002253599668786399,0.0014672329555160998,-1.535952188310611,0.12457
N_HB_OD_Short_auto_pay,N_HB_OD_Short_auto_pay,0.0386839614216968,0.031336674497541524,1.2344628791013448,0.21705
