trip_type,estimated_as,estimate,std.error,statistic,p.value
N_HB_OD_Long_t,N_HB_OD_Long_t,0.07620738608974845,0.014342335335191676,5.313457279356659,0
N_HB_OD_Short_t,N_HB_OD_Short_t,0.9428753392586162,0.018239663289445405,51.693681198831236,0
N_HB_OMED_All_t,N_HB_OMED_All_t,0.3572884107941487,0.026976491760577998,13.244435709622957,0
N_HB_OME_All_t,N_HB_OME_All_t,0.04912050886507769,0.014267759010273533,3.442762723263573,5.8e-4
N_HB_OD_Short_walk,N_HB_OD_Short_walk,0.006093021291498464,0.00206959373177964,2.944066363333583,0.00325
N_HB_OD_Short_sov,N_HB_OD_Short_sov,0.00832402988609624,0.002790157333783676,2.983355019198215,0.00286
