trip_type,estimated_as,estimate,std.error,statistic,p.value
N_HB_K12_All_bike,N_HB_K12_All_bike,0.03477158275638026,0.007456821519100067,4.66305686240653,0
N_HB_OD_Long_bike,N_HB_OD_Long_bike,0.028691340683315757,0.002812949515982991,10.199735373953025,0
N_HB_OD_Long_t,N_HB_OD_Long_t,0.013124066374703472,0.0038515314148274173,3.407493010229425,6.6e-4
N_HB_OD_Short_bike,N_HB_OD_Short_bike,0.002981386632907895,0.0021736843701230684,1.3715821275096607,0.17022
N_HB_OME_All_bike,N_HB_OME_All_bike,0.7071020785871575,0.006702896097464521,105.49202438847743,0
