term,estimated_as,estimate,std.error,statistic,p.value
W_HB_O_All_hov2,W_HB_O_All_auto,0.03416091677321911,0.004319831775780781,7.90792756438872,0
W_HB_O_All_hov3,W_HB_O_All_auto,0.03416091677321911,0.004319831775780781,7.90792756438872,0
W_HB_O_All_sov,W_HB_O_All_auto,0.03416091677321911,0.004319831775780781,7.90792756438872,0
W_HB_EK12_All_hov2,W_HB_EK12_All_hov,0.24489303866767134,0.008387691969029316,29.196713419128113,0
W_HB_EK12_All_hov3,W_HB_EK12_All_hov,0.24489303866767134,0.008387691969029316,29.196713419128113,0
W_HB_EK12_All_sov,W_HB_EK12_All_sov,0.5120539173766778,0.06496152028454724,7.882418932527399,0
W_HB_O_All_walkbike,W_HB_O_All_walkbike,0.057842864439836314,0.01947941354560491,2.969435620041408,0.003
r_sq,NA,0.14791267561362542,NA,NA,NA
