term,estimated_as,estimate,std.error,statistic,p.value
W_HB_O_All_hov2,W_HB_O_All_hov,0.195250142074842,0.009232081739014759,21.14909156942527,0
W_HB_O_All_hov3,W_HB_O_All_hov,0.195250142074842,0.009232081739014759,21.14909156942527,0
W_HB_W_All_hov2,W_HB_W_All_hov,0.09955934366753921,0.013153583337872629,7.568990221917829,0
W_HB_W_All_hov3,W_HB_W_All_hov,0.09955934366753921,0.013153583337872629,7.568990221917829,0
W_HB_EK12_All_hov2,W_HB_EK12_All_hov,0.0733777766878465,0.0093702480290166,7.830932165362055,0
W_HB_EK12_All_hov3,W_HB_EK12_All_hov,0.0733777766878465,0.0093702480290166,7.830932165362055,0
r_sq,NA,0.18864879850404428,NA,NA,NA
