trip_type,estimated_as,estimate,std.error,statistic,p.value
W_HB_EK12_All_hov,W_HB_EK12_All_auto,0.3231283651505025,0.03576007859797961,9.03600824772121,0
W_HB_EK12_All_sov,W_HB_EK12_All_auto,0.3231283651505025,0.03576007859797961,9.03600824772121,0
W_HB_O_All_sov,W_HB_O_All_sov,1.0783928742374949,0.022815355896294576,47.266099163179646,0
W_HB_O_All_walk,W_HB_O_All_walk,0.6768329346990151,0.08706218815459332,7.774131905543038,0
W_HB_W_All_hov,W_HB_W_All_auto,0.15607353140641814,0.013448020928241005,11.605687724552975,0
W_HB_W_All_sov,W_HB_W_All_auto,0.15607353140641814,0.013448020928241005,11.605687724552975,0
