term,estimated_as,estimate,std.error,statistic,p.value
W_HB_EK12_All_hov2,W_HB_EK12_All_auto,0.08912369282333327,0.021109666230074254,4.221937564145929,2e-5
W_HB_EK12_All_hov3,W_HB_EK12_All_auto,0.08912369282333327,0.021109666230074254,4.221937564145929,2e-5
W_HB_EK12_All_sov,W_HB_EK12_All_auto,0.08912369282333327,0.021109666230074254,4.221937564145929,2e-5
W_HB_O_All_hov2,W_HB_O_All_hov,0.23013323253551932,0.020969677278243722,10.974571972754447,0
W_HB_O_All_hov3,W_HB_O_All_hov,0.23013323253551932,0.020969677278243722,10.974571972754447,0
W_HB_O_All_sov,W_HB_O_All_sov,0.40174654462408416,0.013253938072088658,30.31148496688078,0
W_HB_O_All_walkbike,W_HB_O_All_walkbike,0.3137111018763635,0.04935735606769588,6.355913826625849,0
r_sq,NA,0.4629297025893657,NA,NA,NA
