trip_type,estimated_as,estimate,std.error,statistic,p.value
W_HB_EK12_All_hov,W_HB_EK12_All_auto,0.087220062169609,0.021391325532642388,4.077356591881805,5e-5
W_HB_EK12_All_sov,W_HB_EK12_All_auto,0.087220062169609,0.021391325532642388,4.077356591881805,5e-5
W_HB_O_All_hov,W_HB_O_All_hov,0.222816702007121,0.020882467807059407,10.67003689725775,0
W_HB_O_All_sov,W_HB_O_All_sov,0.4261592124065586,0.013125911983684492,32.467017372680424,0
W_HB_O_All_walk,W_HB_O_All_walk,0.33328502538971816,0.05170066917442912,6.446435427465592,0
