term,estimated_as,estimate,std.error,statistic,p.value
W_HB_O_All_hov2,W_HB_O_All_hov,0.06625134354696822,0.006643659513869066,9.972116031633513,0
W_HB_O_All_hov3,W_HB_O_All_hov,0.06625134354696822,0.006643659513869066,9.972116031633513,0
W_HB_W_All_hov3,W_HB_W_All_hov3,0.33379831749068073,0.018189168557999985,18.351488493071834,0
r_sq,NA,0.08371000809756027,NA,NA,NA
