trip_type,estimated_as,estimate,std.error,statistic,p.value
W_HB_EK12_All_hov,W_HB_EK12_All_hov,0.7364826396025316,0.008543373473116582,86.20513219046553,0
W_HB_O_All_hov,W_HB_O_All_hov,0.05470915168392333,0.008269804047129682,6.615531803672181,0
W_HB_O_All_sov,W_HB_O_All_sov,0.00984038523561756,0.005349268569863661,1.8395758423975272,0.0659
W_HB_O_All_walk,W_HB_O_All_walk,0.06007264501646728,0.02040593273702278,2.9438813599280667,0.00326
W_HB_W_All_hov,W_HB_W_All_auto,0.0069952007523394625,0.003162995906936101,2.211574392808969,0.02705
W_HB_W_All_sov,W_HB_W_All_auto,0.0069952007523394625,0.003162995906936101,2.211574392808969,0.02705
