term,estimated_as,estimate,std.error,statistic,p.value
W_HB_EK12_All_hov2,W_HB_EK12_All_auto,0.22982863221272665,0.03814202954234356,6.025600498200581,0
W_HB_EK12_All_hov3,W_HB_EK12_All_auto,0.22982863221272665,0.03814202954234356,6.025600498200581,0
W_HB_EK12_All_sov,W_HB_EK12_All_auto,0.22982863221272665,0.03814202954234356,6.025600498200581,0
W_HB_O_All_hov2,W_HB_O_All_hov,0.9202861575239843,0.03788886694141896,24.289091540976,0
W_HB_O_All_hov3,W_HB_O_All_hov,0.9202861575239843,0.03788886694141896,24.289091540976,0
W_HB_O_All_sov,W_HB_O_All_sov,1.385025624523912,0.023947786022802578,57.83522632134427,0
r_sq,NA,0.4545723385637268,NA,NA,NA
